Weight,Model,Horizon,Bias Statistic,Q Statistic
equal,modelA,1,1.0669134795351765,2.386479574355833
equal,modelA,5,1.0549861565757184,2.3777143982403
equal,modelA,21,1.1202064959263522,2.2593216072097424
equal,modelA,63,1.125476413357103,1.9828211401961278
equal,modelB,1,1.147077880571428,2.4190351660963634
equal,modelB,5,1.1340191210514938,2.405683326577939
equal,modelB,21,1.204271004585998,2.309302920622467
equal,modelB,63,1.210342715073669,2.0352247550673837
